Keys,Counts
contain,2
complaining,1
eager,1
front,2
judging,1
shriek,2
thousand,1
theirs,1
oï¿½,1
chin,4
cry,3
finished,3
locked,1
alteration,1
furious,1
plates,1
last,16
several,3
inches,5
5,3
receive,3
sleep',1
sneeze,1
sizes,1
begged,1
consultation,1
little,59
provisions,1
tremble,1
cur,1
three,10
'and,1
accustomed,1
thoughtfully,1
noise,3
whole,6
hope,4
corrupt,1
knee,1
till,6
having,3
license,16
90,2
child,2
might,7
into,39
takes,1
tm's,1
provision,1
owns,2
seven,1
ann,4
iv,1
finger,1
dressed,1
mixed,1
an,22
suddenly,11
and,407
jurymen,2
most,5
creatures,3
i'm,21
plainly,1
tied,1
falling,1
8859,1
profit,1
s,6
spirited,1
rate,6
user,3
redistribution,2
beasts,1
keeping,3
queens,1
sensation,2
patriotic,1
see,23
daisies,1
mind,7
set,17
principal,1
incidental,1
morcar,1
reaching,2
side,9
hanging,1
tm,56
smiled,1
green,1
general,5
real,1
has,5
crossly,1
world,4
got,16
bright,4
led,4
had,65
rabbit,34
spot,1
course,8
dare,1
ate,1
paper,4
here,19
tried,8
melan,1
mississippi,1
shaped,1
raising,1
work,50
telescopes,1
http,10
strict,1
place,2
placed,1
pleasure,1
infringement,1
strange,2
pigeon,7
children,2
donation,1
appear,1
parchment,2
whispered,1
soldiers,3
pot,1
fond,2
passionate,1
offers,1
additional,4
recognized,1
knuckles,1
reason,2
inquisitively,1
sleepy,2
associated,8
tongue,1
turns,1
full,17
didn't,4
telescope,3
jar,2
before,14
feet,12
once,14
new,5
discontinue,1
processing,1
accusation,1
below,5
book,7
compliance,5
sorts,1
who's,1
presently,1
pretexts,1
enough,6
fanning,1
lamps,1
fumbled,1
fourteenth,1
angrily,1
swimming,2
hung,1
information,8
various,2
hurt,3
foundation's,3
baby,6
uncorked,1
harm,1
myself,4
hedge,2
computers,2
queen's,2
confusion,4
circle,1
saw,5
noticed,6
viewing,1
return,3
beautiful,2
shyly,1
chimney,5
always,2
feelings,1
beds,2
pictures,3
jason,2
consequential,1
list,1
pardoned,1
printed,3
english,5
research,2
quarreling,1
alive,1
cakes,3
complained,1
sometimes,3
very,42
gutenberg,93
support,4
cheshire,5
both,5
dog,1
perhaps,2
taste,2
peeped,3
release,1
promotion,1
inaccurate,1
b,3
untwist,1
upstairs,1
blows,1
shorter,2
conversations,2
ut,1
saves,1
wore,1
dry,6
took,13
wonderland,7
prohibition,1
deductible,1
appearing,1
collection,4
nibbling,2
edgar,1
there's,11
table,14
defective,3
6,2
asleep,2
beautifully,2
attached,1
mean,5
delighted,2
fact,4
cried,11
ways,1
unsolicited,1
something,10
then,34
efforts,3
matter,1
wasn't,1
each,4
animals,4
small,9
idea,7
key,9
doors,2
network,1
cushion,1
startled,2
nursing,1
suppose,2
shrieks,1
case,1
walked,6
picking,1
obtain,3
his,17
ugh,2
night,2
stored,1
format,4
legged,1
distance,3
severely,3
necessarily,1
whom,1
we're,2
loud,1
wandered,1
crowd,3
advisable',1
air,5
escape,3
hastily,8
your,30
soldier,1
doubtfully,1
nibbled,2
returning,1
fairbanks,1
assistance,1
pay,1
trees,4
happen,1
scratching,1
pat,3
panting,1
reading,3
data,1
entity,3
shut,3
periodic,1
kitchen,2
crash,2
birds,7
slipped,2
hot,2
turkey,1
should,12
me,31
burning,1
nothing,13
notifies,1
detach,1
hatching,1
hookah,3
quick,1
done,4
marmalade,1
or,112
newsletter,1
damaged,1
donations,15
paragraphs,3
helpless,1
few,4
hurry,5
profits,1
file,2
verdict,3
rule,1
chains,1
five,2
solemn,2
glad,3
waistcoat,2
send,1
played,1
bear,1
running,4
wind,1
distribute,6
sternly,1
lips,1
thing,17
main,1
derivative,3
brushing,1
cards,3
taking,2
neat,1
hard,5
feeling,1
ventured,2
ran,10
use,17
legally,1
provided,4
paragraph,11
can't,8
believe,3
name,7
advice,2
produce,1
request,1
mission,4
jurors,1
melancholy,1
ready,2
sir,6
eye,2
representations,1
updated,1
croqueting,1
afore,1
cook,7
gave,5
1887,1
merchantibility,1
payments,3
obtaining,2
wood,6
he'll,1
called,10
splash,1
against,6
calculate,1
purpose,2
march,9
directions,2
maps,1
moment,17
medium,5
compressed,1
derived,1
appears,1
voices,3
turning,6
wept,1
opportunities,1
sharing,1
stole,2
reasons,1
yourself,1
marked,7
gross,1
mouth,3
affectionately,2
heap,1
orange,1
so,40
illustrator,1
page,2
errors,1
timidly,4
concluded,1
pale,2
ah,2
don't,16
look,5
modification,1
direction,3
executed,2
existence,1
low,12
jumped,2
given,1
sense,1
energetic,1
shiver,1
uncomfortable,1
angry,3
hole,4
solicitation,1
prison,1
ridges,1
meant,2
ground,5
hour,2
another,9
footman,7
wits,1
engraved,1
c,6
luckily,2
anxiously,5
machine,1
redistribute,1
they'd,1
immense,1
nobody,2
'william,1
they'll,2
64,1
returns,1
flat,1
less,2
goes,2
any,51
hundreds,1
nonproprietary,1
fight,1
i'd,1
across,5
series,1
demand,1
identify,1
7,3
ornamented,2
caught,2
drunk,1
familiarly,1
makes,5
learn,1
interpreted,1
negligence,1
sea,2
dried,1
site,4
person,5
puzzle,1
leaves,4
start,3
increasing,1
intellectual,2
opportunity,2
blades,1
bend,2
conquest,1
let,4
splashing,1
find,13
accept,1
especially,1
dripping,1
herself,33
synonymous,1
incomplete,1
accessed,1
agreement,18
told,1
breathe,2
want,3
iii,1
ii,1
punitive,1
countries,1
condemn,1
caused,2
cause,5
part,4
afterwards,1
swallowed,1
that's,9
speak,4
depends,1
u,3
contract,1
quarrelling,1
neither,2
august,1
proprietary,1
within,6
matters,1
apples,1
chatte,1
violently,3
pop,1
domain,8
writing,4
flinging,1
that,111
made,11
group,1
upright,1
inwards,1
explain,3
adoption,1
however,9
golden,6
roof,3
formats,2
begun,1
cucumber,1
face,9
nice,2
tarts,5
weary,1
mushroom,7
whose,1
conversation,2
box,6
dozing,1
actual,1
disk,1
possession,1
digging,2
seem,3
pegs,1
think,17
york,2
give,9
6221541,1
paid,6
happens,3
you,173
ebook,11
exclusion,1
whenever,1
quarrel,1
sounds,2
dogs,3
2006,1
liability,3
binary,1
atom,1
murder,1
fancied,1
sad,2
we,16
almost,3
invalidity,1
19033,3
gently,1
slightest,1
nose,1
gravely,1
eagerly,1
talking,7
considerable,2
address,1
law,3
hurrying,1
passage,4
but,52
accepting,1
ix,1
double,1
stop,1
magic,1
mouse,26
have,25
trying,6
tipped,1
sighing,1
809,1
types,1
possessed,1
freely,4
forget,1
flamingo,2
eggs,3
circumstances,1
crowded,4
&,2
dish,2
sneezing,4
entangled,2
wriggling,1
often,2
canary,1
roses,2
riddle,1
head's,1
liked,2
poured,1
livery,2
appeared,1
yer,2
doing,3
answer,3
atheling,1
submitted,1
to,332
isn't,1
hiss,1
'such,1
altogether,1
$5,1
individual,4
fast,1
anger,2
tail,3
until,3
head,15
required,1
including,8
distribution,6
evidently,1
than,10
drop,1
passed,1
restrictions,2
spoke,5
silence,6
savage,1
d,2
lory,2
upon,17
considering,1
secure,1
commercial,1
diamonds,1
hit,2
brightened,1
only,16
alas,4
fall,4
whatsoever,2
widest,2
further,1
30,1
mostly,2
sneezed,1
morsel,1
old,3
even,6
years,1
sent,1
gardeners,2
keep,4
solemnly,1
nearer,1
gallons,1
thought,20
apply,1
8,6
pack,4
kings,1
kettle,1
safe,1
fetch,2
opening,2
hart,2
fur,2
tea,8
it'll,2
really,3
again,28
all,82
late,4
sections,1
busily,1
graceful,1
pressing,1
met,3
will,15
words,6
saucepans,1
mine,1
skurried,1
won't,6
every,3
lewis,3
written,4
fighting,1
roots,1
prizes,5
est,1
high,14
found,24
501,2
raven,1
fire,3
french,2
eyes,10
howling,3
needs,1
edge,2
elbow,1
'i'll,2
our,11
persons,1
croquet,9
v,1
arm,10
'who,1
crying,1
knelt,1
locks,1
owed,1
game's,1
pairs,1
lonely,1
canterbury,1
history,2
question,8
hand,13
good,10
rat,1
could,29
witness,8
linked,2
inside,1
others,4
shutting,2
character,1
copies,7
managed,2
making,3
confirmed,1
liable,1
game,3
grins,1
pressed,2
sons,2
12,1
remove,1
'oh,1
speaking,1
her,109
generations,2
hearts,8
highest,1
taken,1
dodo,7
later,1
begin,3
adventures,3
isbell,2
pulled,1
afraid,6
salt,3
dear,14
short,1
bowed,2
repeated,2
window,7
sentence,7
doorway,1
looked,18
white,22
tax,6
prominently,2
indicate,1
hush,2
velvet,1
grass,2
help,5
happened,2
started,2
michael,2
purple,1
flamingos,1
library,1
cut,1
seeing,1
rumbling,1
crown,3
lives,3
whoever,1
comes,2
home,2
thinking,4
you'll,2
please,14
larger,5
is',1
resource,1
driest,1
best,5
let's,1
alarm,1
smoking,1
softly,1
',13
solid,1
stopping,1
displayed,1
emphasis,1
choke,1
choked,1
archbishop,2
toffy,1
99712,1
available,2
whatever,2
solicit,2
gbnewby@pglaf,1
passion,1
they're,5
better,3
hadn't,1
gloves,10
trot,1
snatch,2
asked,4
wink,1
certain,4
states,14
we've,1
wig,1
stretched,2
footsteps,2
foot,7
now,26
either,9
nor,3
professor,1
production,1
govern,1
section,7
0,1
hurriedly,2
size,10
remarkable,2
obsolete,1
method,1
dismay,1
waited,3
mentioned,1
wanted,1
company,3
checks,1
requirements,4
e,23
riddles,2
caldron,2
moved,2
piece,5
shall,5
she,239
date,3
warranties,3
future,3
balls,1
themselves,3
answers,1
aloud,2
stopped,2
floor,2
such,17
fitness,1
performed,1
pglaf,6
shifting,1
loudly,3
important,4
charities,1
version,1
read,9
'tis,3
where's,2
attempt,1
deal,5
minute,7
past,1
actually,1
9,4
honest,1
catch,1
second,4
take,11
alice's,9
array,1
executive,1
costs,2
'take,1
nowhere,1
wish,9
royalty,3
destroy,2
phrase,4
reports,1
whilst,1
despair,1
conqueror,2
struck,2
when,38
leading,1
cunning,1
tell,9
felt,7
net,2
receiving,1
trial's,1
fury,2
nine,3
seemed,11
determine,1
granted,1
miserable,1
instead,1
duchess's,2
between,1
grunted,2
trembling,4
change,5
dropped,4
kid,5
can,19
shelves,2
irs,1
laws,8
follow,1
sure,6
end,8
newby,1
ensuring,1
problem,1
squeaking,1
asking,3
which,28
feel,2
remain,1
remembered,2
wretched,1
particular,4
hardly,3
w,1
rapidly,2
i've,10
gregory,1
state's,1
threw,1
entrance,1
wet,2
sat,5
dipped,1
say,13
needn't,1
note,1
wide,2
unpleasant,1
confusing,1
sharp,3
curls,1
moving,1
whispers,1
naturedly,1
fright,2
quite,19
project,87
statements,1
accepted,2
cares,1
proper,1
hare,8
gone,5
judge,3
remedies,2
shore,2
bring,1
daisy,1
shouting,2
turn,1
ear,3
indignantly,2
do,46
walks,1
variety,1
proofread,1
prevent,1
twelve,1
beheading,1
places,2
forgetting,1
replied,6
through,10
language,1
elect,1
exporting,1
promoting,2
venture,1
beating,1
used,4
favored,1
beg,3
sort,5
cool,2
about,41
just,24
financial,1
provide,7
wonderful,1
fluttered,1
politely,1
occasionally,1
shouldn't,1
scolded,1
saucer,1
electronically,2
despite,1
ye,1
yes,2
shrill,2
heard,17
too,9
4557,1
fly,1
stand,1
times,2
slippery,1
of,321
paying,2
mischief,1
held,2
pattering,3
calculated,1
miles,1
banks,1
housemaid,1
longer,1
duchess,21
included,3
indirectly,1
f3,1
mail,1
possible,1
near,11
for,74
physical,2
following,3
shouted,4
royal,1
mary,4
cake,2
room,8
84116,1
indemnify,1
fish,3
hedges,1
present,1
around,1
rush,1
tunnel,1
remaining,1
contact,4
owner,5
swim,1
northumbria',1
approach,1
blew,2
roared,1
crouched,1
blow,1
hearing,2
puzzling,1
curiosity,1
this,98
quiet,1
save,2
critical,1
lest,1
their,10
deep,2
www,8
business@pglaf,1
lake,1
choice,2
somebody,3
plate,1
fancy,1
1,46
exempt,2
search,2
wouldn't,2
arms,5
meeting,1
garden,14
close,6
direct,1
f,10
creation,1
consider,2
stalk,1
rats,1
you'd,3
currants,1
terms,21
the,817
posted,5
fee,8
hatter,11
agony,1
letter,4
failure,1
chorus,3
authority,1
kills,1
door,23
hall,8
coming,4
50,1
indirect,1
unless,4
moral,2
fine,1
hated,1
measure,1
never,11
up,44
practically,1
except,4
handed,2
corner,3
email,3
exists,1
trumpet,3
hers,2
furrows,1
puzzled,1
humbly,1
ring,2
forgot,2
methods,1
trademark,11
zip,1
scream,1
she'll,1
usurpation,1
doesn't,3
implied,2
whisper,1
'it',2
o,2
shedding,1
sam'l,2
educational,1
tree,6
sit,1
morning,3
holding,2
generally,3
glass,9
from,33
reported,1
unlink,1
queen,28
settled,3
swallowing,1
since,3
disappointment,1
creating,4
guard,1
guests,1
drew,2
fifth,1
listen,2
minutes,4
he,25
lying,4
right,12
specified,2
viewed,1
behind,3
team,2
596,1
organized,1
limited,5
modified,1
what's,3
trouble,4
carroll,3
000,1
x,1
carried,1
boxed,1
talk,6
aged,1
transcription,1
peeping,1
seen,4
1916,1
illustration,26
copying,4
dreadfully,2
execution,2
crimson,1
farther,1
advise,1
sides,2
what,36
card,1
revenue,1
lot,1
man,2
sigh,1
changes,1
mad,5
ma,1
two,16
overhead,1
codes,1
defect,3
previous,1
follows,1
guess,1
narrow,1
remember,3
there,32
twice,2
on,75
ak,1
butter,3
branches,1
offer,1
far,4
is,65
created,2
lieu,2
works,32
thunderstorm,1
tidy,1
continued,2
usual,2
people,8
curtain,1
tiny,3
without,15
tired,4
employee,1
replacement,5
fear,1
she's,2
things,6
growing,8
half,10
said,144
filled,1
taxes,1
20%,1
pebbles,2
ferrets,2
largest,1
herald,1
arrived,1
clubs,1
picked,2
nurse,1
bringing,1
walking,2
race,6
label,1
ever,7
non,1
tumbling,1
sleep,3
secondly,1
ceiling,1
no,39
numerous,1
encourage,1
earnestly,1
water,3
delight,1
anything,8
pink,1
also,2
hedgehog,3
arches,1
pig,3
ladder,1
stood,5
exactly,3
rising,1
frog,3
creep,1
would,16
irma,2
by,48
disclaimers,1
described,1
serpents,2
scrambling,1
life,4
subject,3
like,34
active,2
upsetting,1
stamping,2
producing,1
ahem,1
discovered,1
standing,1
open,4
renamed,1
difficulty,2
pointing,1
won,2
bristling,1
leap,1
going,12
bit,9
require,1
relieved,1
tale,3
trotting,2
some,21
carefully,1
breath,2
natural,1
curious,7
with,114
2,3
love,2
jack,1
neck,5
make,11
international,1
2001,1
playing,1
oneself,1
yards,1
brought,1
feathers,1
shoes,1
anywhere,2
received,5
vanilla,2
electronic,27
public,9
viii,1
succeeded,2
says,1
together,5
story,1
'as,1
examine,1
fair,1
broke,1
rearing,1
trembled,1
been,11
cat,15
get,20
60,1
registered,2
courtiers,1
thank,1
licensed,1
doubt,1
stockings,1
they,39
did,12
based,2
imagine,1
ears,2
still,4
confirmation,1
deletions,1
maximum,1
distributing,7
terror,1
shook,3
attending,1
calling,1
means,6
compilation,1
literary,13
pleasant,1
mistake,2
tiptoe,1
confused,1
queer,3
bottle,8
lay,2
eaglet,2
letters,1
turned,7
field,1
shared,1
disclaim,1
share,1
worm,1
seldom,1
sticks,1
holder,4
property,2
thunder,1
corners,1
chanced,1
leaning,1
sight,3
sister,5
801,1
appearance,1
wings,1
curiouser,2
fifteen,1
breach,2
jumping,2
yours,1
somehow,1
tart,1
as,101
violates,1
comply,6
clapping,1
alone,4
long,13
north,1
foundation,22
procession,2
waving,2
pleasing,1
unfolded,2
yet,6
top,4
decided,1
awhile,2
chain,1
agreed,1
agree,9
special,1
crawled,1
least,4
vanished,2
promised,1
duck,3
storyland,1
outdated,1
fundraising,1
employees,2
country,2
removed,2
red,2
vii,1
round,1
vi,1
violent,1
thick,1
being,3
leaders,1
re,2
accessible,1
identification,1
readable,2
pause,1
tucked,3
stairs,1
yesterday,1
watch,2
goals,1
protect,2
minding,1
serpent,6
because,4
hoping,1
indicating,1
ebooks,7
files,2
desk,1
dormouse,6
many,5
house,12
followed,5
rules,4
pocket,4
plain,2
claim,1
mallets,1
remark,1
taller,2
directly,2
shower,2
sends,1
it's,16
worth,1
gordon,1
subscribe,1
performances,1
invited,1
remained,2
thirty,1
regulating,1
convert,1
signed,2
court,7
hedgehogs,2
painting,2
girl,2
plenty,2
was,168
defects,1
fees,4
txt,1
rose,3
finish,1
voice,22
same,12
middle,5
were,30
beginning,5
current,1
uneasily,1
they've,1
paw,2
brandy,1
cross,2
i'll,11
dinah'll,1
links,3
displaying,4
instantly,2
bough,1
its,27
it,184
scattered,1
equipment,3
transcribe,1
unrolled,1
number,4
notice,7
draggled,1
custard,1
how,21
possibility,1
ascii,2
refreshments,1
length,1
splendidly,1
back,15
org,13
throughout,1
forty,1
opposite,1
you're,8
offended,5
quiver,1
complying,3
write,1
visit,3
roast,1
along,4
over,14
pg,1
reasonable,1
charge,6
king's,1
'i,2
reply,2
known,1
out,55
much,14
copyright,15
pages,1
form,4
scroll,2
swallow,1
are,39
hopeless,1
#19033,1
includes,1
$1,1
constant,2
extraordinary,1
nest,1
temper,2
caterpillar,14
guessed,2
mercia,1
understand,3
next,14
tears,4
director,1
occur,1
discover,1
disclaimer,3
3,11
king,24
changing,1
addressed,1
move,1
william,2
slowly,4
away,19
performing,3
cannot,5
cart,1
indeed,5
sooner,1
sitting,6
limitation,3
sharply,1
expenses,2
donate,4
using,4
word,2
draw,1
remarking,2
frightened,3
leave,4
lit,1
day,9
applicable,3
animal's,1
shrinking,4
himself,1
large,22
oh,17
particularly,1
west,1
ein,1
alternate,1
edwin,1
labeled,1
went,25
facility,1
volunteers,6
cease,1
wake,1
disappeared,1
zigzag,1
everything,4
darkness,1
stupid,1
proofreading,2
survive,1
need,1
verses,2
warning,1
mouse's,1
sorrowful,1
wonder,6
them,31
addition,1
redistributing,2
poison,3
lock,1
began,19
chief,1
kind,1
forth,8
flower,1
finds,1
changed,3
pair,4
fitted,1
well,23
title,1
may,18
containing,1
throne,1
irons,1
denial,1
while,6
one,37
volunteer,1
gratefully,1
paperwork,1
imposed,1
beat,1
soup,3
death,1
meaning,3
soothing,1
fan,9
rather,10
iso,1
prove,1
grin,1
proved,1
dinah,5
chair,1
alternately,1
commotion,1
belong,1
receipt,2
archive,13
smallest,1
everybody,2
easy,3
legs,2
damage,2
located,4
custody,1
fallen,3
after,16
corporation,1
editions,4
impossible,1
worse,1
drink,4
fountains,2
expend,1
original,1
sound,2
become,1
brass,1
know,22
kept,6
climb,1
knew,2
not,62
office,2
nearly,3
proceed,1
faces,1
staring,1
underneath,1
quietly,2
outside,5
rabbit's,3
smaller,1
if,47
loveliest,1
flashed,1
distributed,6
shoulder,1
surprise,3
pardon,3
go,22
surprised,4
forgotten,2
own,2
service,1
harmless,1
preserve,1
named,1
live,2
seems,2
opened,6
come,15
at,97
originator,1
closely,1
patted,1
sudden,3
must,24
hear,7
produced,3
engaged,1
advisable,1
throwing,1
stool,1
curving,1
folded,2
sky,3
knocking,2
adjourn,1
wondering,1
include,1
watching,1
business,4
cats,9
pineapple,1
carry,1
sending,1
derive,1
status,4
grown,1
effect,2
saying,2
meet,3
speed,1
possibly,2
whiskers,2
else,3
contributions,2
puss,1
locations,2
dead,2
you've,2
quicker,1
buttered,1
down,52
expense,1
kick,1
spehar,2
void,1
clearly,1
family,1
getting,7
addresses,1
permission,7
summer,1
gabriel,2
anyone,6
donors,1
committed,1
express,1
dream,2
frowning,1
excellent,1
spread,3
comfits,2
put,9
fell,5
legal,2
refund,10
replace,1
grand,1
grinning,1
knocked,1
does,3
wheels,1
honor,2
'let,1
miss,3
web,6
references,2
watched,1
heads,2
ought,5
hold,4
impatiently,2
am,6
wander,1
row,1
my,19
whether,4
author,1
city,1
4,5
concerning,2
downloading,1
flying,1
accordance,2
lap,1
pieces,2
rattling,1
pulling,1
kneel,1
cost,3
exclaimed,1
looking,13
hate,2
why,15
who,23
milk,1
hurried,5
i,131
internal,1
explanation,2
charges,1
prisoner,1
languid,1
eat,7
among,9
additions,1
money,3
knave,6
reach,3
longed,1
fix,1
bound,2
run,1
bed,1
stigand,1
great,19
be,57
credit,1
treatment,1
dr,2
abide,1
timid,2
cupboards,2
copy,12
edition,1
1500,1
extent,1
allow,1
bread,3
grinned,2
frighten,1
immediate,3
muttering,2
lost,2
choose,1
virus,1
stirring,1
smoke,1
pope,1
off,31
straight,1
players,3
pepper,4
merely,1
blue,1
nay,1
insult,1
show,2
poor,10
swamp,1
distributor,1
hypertext,1
nervous,1
rise,1
try,3
jury,6
clinging,1
online,6
federal,2
agent,1
creature,3
invitation,2
flown,1
master,1
grew,1
nonsense,2
grow,8
other,35
official,3
copied,2
print,1
above,1
paws,1
prosecute,1
care,3
came,25
in,228
seated,1
different,2
him,6
these,8
finding,2
those,9
sadly,1
display,1
concept,2
teacup,3
dive,1
'what,1
swam,3
thus,1
stupidest,1
shoulders,1
immediately,1
joined,1
wasting,2
hands,6
waiting,4
flowers,2
way,23
sulky,1
height,4
sha'n't,4
completely,1
arise,1
already,2
left,8
ten,5
itself,4
dishes,1
where,7
flavor,1
time,22
assembled,2
caucus,3
nasty,1
likely,1
though,2
alice,168
specific,1
mile,2
rocket,1
feeble,1
bank,3
damages,4
evidence,5
easily,2
barrowful,2
stoop,1
dears,2
cherry,1
'round,16
uniform,1
speaker,1
majesty,5
bill's,1
indemnity,1
perform,1
trial,5
soon,14
encoding,1
days,4
vulgar,1
tone,11
certainly,4
charitable,1
stupidly,1
play,6
raw,1
frame,1
broken,4
hunting,1
bill,5
us,4
lovely,2
empty,1
robinson,1
unenforceability,1
prepare,2
providing,4
more,24
rapped,1
added,8
party,9
pool,8
disagree,1
pgdp,2
loose,1
staff,1
maintaining,1
permanent,1
stuff,1
fairly,1
unlocked,1
state,6
lesson,1
dark,3
first,21
permitted,2
computer,2
haven't,2
remarked,1
moment's,1
four,1
earls,1
thump,2
under,16
warranty,2
united,10
blasts,2
toast,1
a,336
effort,2
check,2
access,10
royalties,2
carrying,2
kill,1
free,7
animal,1
call,4
ones,1
